,retweeted_user_name,retweeted_text_id,retweeted_text,retweet_count
8,jairbolsonaro,1469951475728199682,- Vale lembrar. O vencedor das elei√ß√µes de 2022 escolhe mais dois ministros para o Supremo Tribunal Federal. Bom Dia a todos!,8030
0,forumpandlr,1488975260049358856,O deputado Alexandre Frota (PSDB-SP) apresentou hoje um projeto de lei para estabelecer a obrigatoriedade de aprese‚Ä¶ https://t.co/JN3QRTY5Rg,3209
429,LulaOficial,1482378218350993411,Eu disse nesse come√ßo de ano ao jornal brit√¢nico The Telegraph que a democracia brasileira sair√° mais forte de 2022‚Ä¶ https://t.co/WFfx1E2cxp,2305
62,SigaGazetaBR,1487558809220435971,Militares pedem explica√ß√µes do TSE sobre transpar√™ncia e seguran√ßa das urnas eletr√¥nicas https://t.co/IdhvsATRGX,1063
88,brom_elisa,1487467272348311554,"H√° mais de um m√™s,as For√ßas Armadas apresentaram ao TSE um documento sigiloso contendo suas demandas para o aperfei‚Ä¶ https://t.co/zlfkgZ21Me",1055
68,Juba714,1479600797075783680,"2022 um ano de elei√ß√µes,um ano de guerra,se preparem,os inimigos v√£o se levantar,e vir√£o de lugares que nem imagina‚Ä¶ https://t.co/ecGm3DHDYL",942
0,folha,1487915286619643912,Socialistas vencem elei√ß√µes em Portugal e devem conquistar surpreendente maioria absoluta https://t.co/TI56jWZMje,868
0,SigaGazetaBR,1489361766261870596,"Bolsonaro avalia Daniel Silveira como melhor op√ß√£o para o Senado no RJ 

https://t.co/nwMpkxOm1Q",604
11,dep_padrejoao,1487801068159479812,Elei√ß√µes 2022. #Pesquisa #DataPovo #Elei√ß√µes2022,539
20,eixopolitico,1488973191078940676,"üáßüá∑ VACINAR PARA VOTAR?

Deputado Alexandre Frota protocola projeto de lei que estabelece a obrigatoriedade de apres‚Ä¶ https://t.co/KPdsqiA8Vf",477
